{
  "training": {
    "n_episodes": 2000,
    "final_mean_reward": 125.31299591064453,
    "final_mean_gini": 0.003074449093471701,
    "final_mean_var": 6.754135716213484e-05,
    "best_reward": 128.16102600097656
  },
  "policy_comparison": {
    "Random": {
      "mean_reward": 91.32084655761719,
      "std_reward": 5.632728576660156,
      "mean_gini": 0.007598182003805842,
      "mean_ratio_var": 0.0002455279172863811
    },
    "Greedy": {
      "mean_reward": 150.8670654296875,
      "std_reward": 8.515113830566406,
      "mean_gini": 0.0012784141629930178,
      "mean_ratio_var": 1.3506743925972842e-05
    },
    "Equity-Greedy": {
      "mean_reward": 150.86199951171875,
      "std_reward": 8.52976131439209,
      "mean_gini": 0.0012784141629930178,
      "mean_ratio_var": 1.3506743925972842e-05
    },
    "EquiRelief (DQN)": {
      "mean_reward": 134.59463500976562,
      "std_reward": 7.592630386352539,
      "mean_gini": 0.0023775671265814347,
      "mean_ratio_var": 2.9322422051336616e-05
    }
  },
  "ablation": {
    "Standard DQN": {
      "final_mean_reward": 90.8048324584961
    },
    "+ Double DQN": {
      "final_mean_reward": 85.74751281738281
    },
    "+ Double DQN + PER": {
      "final_mean_reward": 75.59700012207031
    },
    "Full EquiRelief": {
      "final_mean_reward": 80.66117858886719
    }
  },
  "urgency_response": {
    "Random": {
      "mean_response_steps": 3.3,
      "pct_immediate": 0.42,
      "pct_within_5": 0.74,
      "pct_served_first": 0.2
    },
    "Greedy": {
      "mean_response_steps": 0.0,
      "pct_immediate": 1.0,
      "pct_within_5": 1.0,
      "pct_served_first": 1.0
    },
    "EquiRelief (DQN)": {
      "mean_response_steps": 2.0,
      "pct_immediate": 0.0,
      "pct_within_5": 1.0,
      "pct_served_first": 0.0
    }
  },
  "config": {
    "n_episodes": 2000,
    "batch_size": 64,
    "buffer_size": 50000,
    "gamma": 0.99,
    "lr": 0.0001,
    "target_update": 500,
    "n_step": 3,
    "eps_start": 1.0,
    "eps_end": 0.05,
    "eps_decay": 10000,
    "ckpt_every": 100,
    "learn_every": 4,
    "warmup_steps": 1000
  }
}